[
    {
        "start_time": "09:30 AM",
        "date": "2024-12-24",
        "type": "work"
    },
    {
        "start_time": "10:00 AM",
        "date": "2024-12-24",
        "type": "short_break"
    },
    {
        "start_time": "10:05 AM",
        "date": "2024-12-24",
        "type": "work"
    },
    {
        "start_time": "10:35 AM",
        "date": "2024-12-24",
        "type": "short_break"
    },
    {
        "start_time": "10:40 AM",
        "date": "2024-12-24",
        "type": "work"
    },
    {
        "start_time": "11:10 AM",
        "date": "2024-12-24",
        "type": "long_break"
    }
]