{
    "semesters": {
        "Semester 1": {
            "subjects": [
                {
                    "subject": "Introduction to Computer Science",
                    "grade": "A",
                    "gp": 4.0,
                    "credits": 3
                },
                {
                    "subject": "Calculus I",
                    "grade": "A-",
                    "gp": 3.75,
                    "credits": 4
                },
                {
                    "subject": "English Composition",
                    "grade": "B+",
                    "gp": 3.33,
                    "credits": 3
                },
                {
                    "subject": "Mandarin",
                    "grade": "A+",
                    "gp": 4.0,
                    "credits": 3.0
                }
            ],
            "gpa": 3.7684615384615388
        },
        "Semester 2": {
            "subjects": [
                {
                    "subject": "Data Structures",
                    "grade": "A",
                    "gp": 4.0,
                    "credits": 3
                },
                {
                    "subject": "Physics I",
                    "grade": "B+",
                    "gp": 3.33,
                    "credits": 4
                },
                {
                    "subject": "Linear Algebra",
                    "grade": "A-",
                    "gp": 3.75,
                    "credits": 3
                }
            ],
            "gpa": 3.68
        }
    }
}